Shapiro-Wilk Baseline (p),Shapiro-Wilk FSM (p),Paired t-test (p),Wilcoxon (p),Cohen's d,ANOVA (p),Battery Improvement (%),Proof Retention (%),Overall p < 0.05
2.7993768545901385e-24,3.62564146711122e-18,0.0,0.0,0.19150867643344405,1.5527998323383965e-39,61.41414141414141,65.65656565656566,True
