Model,Accuracy,Macro_F1,Weighted_F1,ROC_AUC,Kappa
Logistic Regression,0.8148148148148148,0.8144708175667926,0.8144708175667927,0.911522633744856,0.7222222222222222
Random Forest,0.9259259259259259,0.9232456140350876,0.9232456140350878,0.9938271604938271,0.8888888888888888
XGBoost,0.8888888888888888,0.8865955739020754,0.8865955739020753,0.9938271604938271,0.8333333333333334
