Model,Precision,Recall,F1-Score,Accuracy,AUC-ROC
XGBoost,0.814621409921671,0.832,0.8232189973614776,0.8213333333333334,0.9057031111111111
Random Forest,0.7926208651399491,0.8306666666666667,0.8111979166666666,0.8066666666666666,0.8958239999999998
Logistic Regression,0.7259073842302879,0.7733333333333333,0.748870238863783,0.7406666666666667,0.8265688888888888
Isolation Forest,0.44144144144144143,0.13066666666666665,0.20164609053497942,0.4826666666666667,
