Model Name,Accuracy,Macro F1,NOVA 4 Precision
Random Forest,0.24311926605504589,0.23978208634331,0.2682291666666667
XGBoost,0.2580275229357798,0.2545350869617388,0.2669902912621359
MLP Classifier,0.24197247706422018,0.22492520251181194,0.24041811846689895
XGBoost (SMOTE),0.2586009174311927,0.25467551777263137,0.2506393861892583
