Model,R2,RMSE,MAE
Baseline (T only),-0.1090084501096622,142.2500832914742,103.44702238322118
OLS (PM2.5 + T),0.1056728655725655,127.74188062286304,95.00078702614475
XGBoost (All + PHI),0.9748382421105377,21.42671491510359,14.066332991954214
XGBoost (Lags only),0.04066499275804303,132.30316938867074,96.06036699308108
