Model,MAE,RMSE,R2
Linear Regression (Eta),4.39414586588483e-16,4.495098542374906e-16,-21.46153846153846
