Model,MAE,RMSE,R2
Linear Regression,0.008742822744092169,0.010892060944076005,0.9999820702145275
Random Forest,0.09125666666666946,0.15727640706506882,0.9962616313459044
XGBoost,0.128659234297903,0.17764865225712984,0.9952304346674287
LightGBM,0.18775224435174956,0.27043036421379874,0.9889473638320522
