Model,MAE,RMSE,R2
Linear Regression,1.5246642593757187,1.5246642593757187,
Random Forest Regressor,1.3870766417859315,1.3870766417859315,
XGBoost,1.239776611328125e-05,1.239776611328125e-05,
LightGBM,2.889742851257324,2.889742851257324,
