Model,MAE,RMSE,R2
Linear Regression,0.44394329475834526,0.5422442738201699,0.9950123708298525
Random Forest Regressor,0.6099779594763133,1.1383288735874015,0.9780193915073837
XGBoost,0.6581638285523299,1.3309583597751538,0.9699507841017437
LightGBM,0.7162193728659548,1.2850427809491638,0.9719883056002997
