Policy,Activations,Final_SoC,Fuel_Consumed_L,Mean_Eta
Baseline,24,32.529372478564454,13.636363636363635,8.8
ML,23,22.529372478564486,13.068181818181817,8.8
