Policy,Activations,Final_SoC,Fuel_Consumed_L,Mean_Eta
Baseline,23,27.99355260346653,13.068181818181817,8.8
ML,22,17.99355260346652,12.499999999999998,8.8
