Species,prob_mean,prob_lower_95,prob_upper_95,Predicted_Threat_Status,uncertainty,high_uncertainty
Arthroleptis vercammeni,0.9331255114078522,0.6861118346452713,0.9941578552126884,Threatened,0.30804602056741714,False
Mannophryne larandina,0.7296895429491996,0.21701821386814119,0.9883066982030868,Threatened,0.7712884843349457,True
Arthroleptis zimmeri,0.7296895429491996,0.21701821386814119,0.9883066982030868,Threatened,0.7712884843349457,True
Arthroleptis tuberosus,0.060192358517088,0.009515834040939808,0.2328351024538275,Non-Threatened,0.22331926841288768,False
