Model,CV_R2,RMSE,MAE,R2_PC1_to_JM1,R2_JM1_to_PC1
Linear Regression,1.0,2.5003404175914625e-14,1.0052751088875285e-14,1.0,1.0
Ridge Regression,-48.040550083075765,1.03264747961701e-06,6.066985814984349e-07,0.9962336095367529,0.9999999690580034
Random Forest,0.966074831345621,0.0015531316720580708,0.0004925953194078996,0.8170878036588296,0.9881209077270221
XGBoost,0.963477738125329,0.0009990533571014378,0.0005245853591553754,0.8411177245310361,0.9931465938162154
LightGBM,0.9362514349558856,0.0038512438103898605,0.0006372938944424857,0.6881093126646531,0.8734215140933875
SVR,-26.52597123000022,0.08836034071268206,0.08758985246098112,-15.015707404197581,-24.719703690267362
